"ChatKey","Files","Latest1","Latest2","Latest3"
"dev-platform","42","C:\Dev\my-camino\handover\captures\dev-platform\2025\09\dev-platform__20250908-0839__ops-forespørsel-kapasitet.md","C:\Dev\my-camino\handover\captures\dev-platform\2025\09\dev-platform__20250908-0837__ops-forespørsel-kapasitet.md","C:\Dev\my-camino\handover\captures\dev-platform\2025\09\dev-platform__20250907-1211__ops-forespørsel-kapasitet.md"
"ops-workflow","33","C:\Dev\my-camino\handover\captures\ops-workflow\migration-summary-20250909-1104.md","C:\Dev\my-camino\handover\captures\ops-workflow\2025\09\ops-workflow__20250909-1104__migration-dryrun-20250909-1104.md","C:\Dev\my-camino\handover\captures\ops-workflow\2025\09\ops-workflow__20250909-1103__aid_me_arbeidsflyt_og_nokkelregler_v_2.md"
"product-roadmap","158","C:\Dev\my-camino\handover\captures\product-roadmap\2025\09\product-roadmap__20250908-0839__ops-sync-roadmap-dev.md","C:\Dev\my-camino\handover\captures\product-roadmap\2025\09\product-roadmap__20250908-0837__ops-sync-roadmap-dev.md","C:\Dev\my-camino\handover\captures\product-roadmap\2025\09\product-roadmap__20250907-1211__ops-sync-roadmap-dev.md"
"pilot-studier","413","C:\Dev\my-camino\handover\captures\pilot-studier\2025\09\pilot-studier__20250909-1104__20250907-1348__navnestandard-pilot-studier-20250907-1347.md","C:\Dev\my-camino\handover\captures\pilot-studier\2025\09\20250907-1341__pilot-studier__20250907-1341__navnestandard-pilot-studier-20250907-1341.md","C:\Dev\my-camino\handover\captures\pilot-studier\2025\09\20250906-2253__pilot-studier__20250906-2253___20250906-2253__migration-report-20250906-2253.md"
"forskning-studier","108","C:\Dev\my-camino\handover\captures\forskning-studier\2025\09\forskning-studier__20250909-1104__20250907-1348__navnestandard-forskning-studier-20250907-1347.md","C:\Dev\my-camino\handover\captures\forskning-studier\2025\09\20250907-1341__forskning-studier__20250907-1341__navnestandard-forskning-studier-20250907-1341.md","C:\Dev\my-camino\handover\captures\forskning-studier\2025\09\20250906-2253__forskning-studier__20250906-2253___20250906-2253__migration-report-20250906-2253.md"
"partner-tilskudd","164","C:\Dev\my-camino\handover\captures\partner-tilskudd\2025\09\partner-tilskudd__20250909-1104__20250907-1348__navnestandard-partner-tilskudd-20250907-1347.md","C:\Dev\my-camino\handover\captures\partner-tilskudd\2025\09\20250907-1341__partner-tilskudd__20250907-1341__navnestandard-partner-tilskudd-20250907-1341.md","C:\Dev\my-camino\handover\captures\partner-tilskudd\2025\09\20250906-2253__partner-tilskudd__20250906-2253___20250906-2253__migration-report-20250906-2253.md"
"turplan-camino","2536","C:\Dev\my-camino\handover\captures\turplan-camino\2025\09\turplan-camino__20250908-0839__ops-avklaringer-tilskudd.md","C:\Dev\my-camino\handover\captures\turplan-camino\2025\09\turplan-camino__20250908-0837__ops-avklaringer-tilskudd.md","C:\Dev\my-camino\handover\captures\turplan-camino\2025\09\turplan-camino__20250907-1211__ops-avklaringer-tilskudd.md"
"ideer-lab","12","C:\Dev\my-camino\handover\captures\ideer-lab\2025\09\ideer-lab__20250909-1104__20250907-1348__navnestandard-ideer-lab-20250907-1347.md","C:\Dev\my-camino\handover\captures\ideer-lab\2025\09\20250907-1341__ideer-lab__20250907-1341__navnestandard-ideer-lab-20250907-1341.md","C:\Dev\my-camino\handover\captures\ideer-lab\2025\09\20250906-2253__ideer-lab__20250906-2253___20250906-2253__migration-report-20250906-2253.md"
